source,destination,status,caseSensitive,preserveQueryParams
/en/products/,/products/,308,false,true
/en/products/food-wrapping-paper/,/products/food-wrapping-paper/,308,false,true
/en/products/cake-cups/,/products/cake-cups/,308,false,true
/en/products/roll-mouth-cake-cups/,/products/roll-mouth-cake-cups/,308,false,true
/en/products/muffin-baking-cups/,/products/muffin-baking-cups/,308,false,true
/en/products/air-fryer-paper-liners/,/products/air-fryer-paper-liners/,308,false,true
/en/products/baking-parchment-paper/,/products/baking-parchment-paper/,308,false,true
/en/products/tulip-muffin-cups/,/products/tulip-muffin-cups/,308,false,true
/en/products/custom-printed-baking-paper/,/products/custom-printed-baking-paper/,308,false,true
/en/products/greaseproof-paper/,/products/greaseproof-paper/,308,false,true
/en/products/burger-wrapping-paper/,/products/burger-wrapping-paper/,308,false,true
/en/products/wax-paper/,/products/wax-paper/,308,false,true
/en/products/butcher-paper/,/products/butcher-paper/,308,false,true
/en/products/paper-straws/,/products/paper-straws/,308,false,true
/en/products/party-accessories/,/products/party-accessories/,308,false,true
/en/applications/,/applications/,308,false,true
/en/cases/,/cases/,308,false,true
/en/customization/,/customization/,308,false,true
/en/factory-certificates/,/factory-certificates/,308,false,true
/en/eudr-traceability/,/eudr-traceability/,308,false,true
/en/pfas-free-baking-paper/,/pfas-free-baking-paper/,308,false,true
/en/markets/,/markets/,308,false,true
/en/markets/united-states/,/markets/united-states/,308,false,true
/en/markets/europe/,/markets/europe/,308,false,true
/en/about/,/about/,308,false,true
/en/inquiry/,/inquiry/,308,false,true
/en/news/,/news/,308,false,true
/en/resources/,/resources/,308,false,true
/en/resources/how-to-choose-custom-cupcake-liners-wholesale/,/resources/how-to-choose-custom-cupcake-liners-wholesale/,308,false,true
/en/resources/greaseproof-paper-vs-pet-coated-paper-baking-cups/,/resources/greaseproof-paper-vs-pet-coated-paper-baking-cups/,308,false,true
/en/resources/air-fryer-paper-liners-bulk-buying-guide/,/resources/air-fryer-paper-liners-bulk-buying-guide/,308,false,true
/en/resources/pfas-free-greaseproof-paper-food-packaging-buyers/,/resources/pfas-free-greaseproof-paper-food-packaging-buyers/,308,false,true
/en/resources/paper-straws-wholesale-foodservice-retail-buyers/,/resources/paper-straws-wholesale-foodservice-retail-buyers/,308,false,true
/en/resources/custom-printed-food-paper-packaging-low-odor-ink/,/resources/custom-printed-food-paper-packaging-low-odor-ink/,308,false,true
/en/resources/eudr-paper-baking-cups-traceability-checklist/,/resources/eudr-paper-baking-cups-traceability-checklist/,308,false,true
/en/resources/baking-paper-products-quality-control-inspection/,/resources/baking-paper-products-quality-control-inspection/,308,false,true
/en/resources/cupcake-liner-size-guide-wholesale-buyers/,/resources/cupcake-liner-size-guide-wholesale-buyers/,308,false,true
/en/resources/air-fryer-paper-liners-wholesale-private-label/,/resources/air-fryer-paper-liners-wholesale-private-label/,308,false,true
/en/resources/baking-paper-grammage-buyer-guide/,/resources/baking-paper-grammage-buyer-guide/,308,false,true
/en/resources/baking-parchment-paper-rolls-wholesale/,/resources/baking-parchment-paper-rolls-wholesale/,308,false,true
/en/resources/bleached-vs-unbleached-baking-paper/,/resources/bleached-vs-unbleached-baking-paper/,308,false,true
/en/resources/bpa-free-paper-baking-cups/,/resources/bpa-free-paper-baking-cups/,308,false,true
/en/resources/burger-wrapping-paper-wholesale-greaseproof-guide/,/resources/burger-wrapping-paper-wholesale-greaseproof-guide/,308,false,true
/en/resources/cake-boards-wholesale-bakery-buyers/,/resources/cake-boards-wholesale-bakery-buyers/,308,false,true
/en/resources/colored-cupcake-liners-wholesale/,/resources/colored-cupcake-liners-wholesale/,308,false,true
/en/resources/compostable-cupcake-liners-wholesale/,/resources/compostable-cupcake-liners-wholesale/,308,false,true
/en/resources/cupcake-liner-retail-packaging-wholesale/,/resources/cupcake-liner-retail-packaging-wholesale/,308,false,true
/en/resources/cupcake-toppers-wholesale-buyer-guide/,/resources/cupcake-toppers-wholesale-buyer-guide/,308,false,true
/en/resources/custom-cupcake-liner-artwork-checklist/,/resources/custom-cupcake-liner-artwork-checklist/,308,false,true
/en/resources/food-contact-testing-paper-baking-cups/,/resources/food-contact-testing-paper-baking-cups/,308,false,true
/en/resources/food-grade-wax-paper-wholesale-buyer-guide/,/resources/food-grade-wax-paper-wholesale-buyer-guide/,308,false,true
/en/resources/freezer-safe-paper-baking-cups-wholesale/,/resources/freezer-safe-paper-baking-cups-wholesale/,308,false,true
/en/resources/glassine-cupcake-liners-wholesale-buyer-guide/,/resources/glassine-cupcake-liners-wholesale-buyer-guide/,308,false,true
/en/resources/greaseproof-paper-sheets-wholesale-buyer-guide/,/resources/greaseproof-paper-sheets-wholesale-buyer-guide/,308,false,true
/en/resources/mini-cupcake-liners-wholesale-buyer-guide/,/resources/mini-cupcake-liners-wholesale-buyer-guide/,308,false,true
/en/resources/muffin-baking-cups-commercial-bakery-guide/,/resources/muffin-baking-cups-commercial-bakery-guide/,308,false,true
/en/resources/non-stick-cupcake-liners-wholesale/,/resources/non-stick-cupcake-liners-wholesale/,308,false,true
/en/resources/oven-safe-cupcake-liners-wholesale/,/resources/oven-safe-cupcake-liners-wholesale/,308,false,true
/en/resources/paper-baking-cup-manufacturer-audit/,/resources/paper-baking-cup-manufacturer-audit/,308,false,true
/en/resources/paper-baking-cup-packaging-specification/,/resources/paper-baking-cup-packaging-specification/,308,false,true
/en/resources/paper-baking-cup-samples-approval-checklist/,/resources/paper-baking-cup-samples-approval-checklist/,308,false,true
/en/resources/paper-baking-cups-automated-bakery-lines/,/resources/paper-baking-cups-automated-bakery-lines/,308,false,true
/en/resources/paper-cake-doilies-wholesale-buyer-guide/,/resources/paper-cake-doilies-wholesale-buyer-guide/,308,false,true
/en/resources/paper-straw-sizes-wholesale-guide/,/resources/paper-straw-sizes-wholesale-guide/,308,false,true
/en/resources/party-paper-supplies-wholesale-retail-range/,/resources/party-paper-supplies-wholesale-retail-range/,308,false,true
/en/resources/ppwr-paper-baking-cups-buyer-checklist/,/resources/ppwr-paper-baking-cups-buyer-checklist/,308,false,true
/en/resources/precut-parchment-paper-sheets-wholesale-buyer-guide/,/resources/precut-parchment-paper-sheets-wholesale-buyer-guide/,308,false,true
/en/resources/private-label-cupcake-liners-retail-packaging/,/resources/private-label-cupcake-liners-retail-packaging/,308,false,true
/en/resources/private-label-paper-straws-wholesale/,/resources/private-label-paper-straws-wholesale/,308,false,true
/en/resources/roll-mouth-cake-cups-wholesale/,/resources/roll-mouth-cake-cups-wholesale/,308,false,true
/en/resources/sandwich-wrapping-paper-wholesale-deli-bakery-buyers/,/resources/sandwich-wrapping-paper-wholesale-deli-bakery-buyers/,308,false,true
/en/resources/self-supporting-baking-cups-wholesale-guide/,/resources/self-supporting-baking-cups-wholesale-guide/,308,false,true
/en/resources/silicone-coated-baking-paper-buyer-guide/,/resources/silicone-coated-baking-paper-buyer-guide/,308,false,true
/en/resources/steamer-paper-liners-wholesale-buyer-guide/,/resources/steamer-paper-liners-wholesale-buyer-guide/,308,false,true
/en/resources/tulip-baking-cups-vs-standard-muffin-liners/,/resources/tulip-baking-cups-vs-standard-muffin-liners/,308,false,true
/en/resources/choose-custom-cupcake-liners/,/resources/choose-custom-cupcake-liners/,308,false,true
/en/resources/greaseproof-vs-pet-coated-paper/,/resources/greaseproof-vs-pet-coated-paper/,308,false,true
/en/resources/food-paper-certificates/,/resources/food-paper-certificates/,308,false,true
/en/resources/custom-printed-cake-cups-process/,/resources/custom-printed-cake-cups-process/,308,false,true
/en/resources/baking-cups-for-bakeries-cafes-events/,/resources/baking-cups-for-bakeries-cafes-events/,308,false,true
/en/landing/custom-cake-cups-wholesale/,/landing/custom-cake-cups-wholesale/,308,false,true
/en/landing/air-fryer-paper-liners-bulk/,/landing/air-fryer-paper-liners-bulk/,308,false,true
/en/landing/custom-cupcake-liners-manufacturer/,/landing/custom-cupcake-liners-manufacturer/,308,false,true
/es/products/,/products/,308,false,true
/es/products/food-wrapping-paper/,/products/food-wrapping-paper/,308,false,true
/es/products/cake-cups/,/products/cake-cups/,308,false,true
/es/products/roll-mouth-cake-cups/,/products/roll-mouth-cake-cups/,308,false,true
/es/products/muffin-baking-cups/,/products/muffin-baking-cups/,308,false,true
/es/products/air-fryer-paper-liners/,/products/air-fryer-paper-liners/,308,false,true
/es/products/baking-parchment-paper/,/products/baking-parchment-paper/,308,false,true
/es/products/tulip-muffin-cups/,/products/tulip-muffin-cups/,308,false,true
/es/products/custom-printed-baking-paper/,/products/custom-printed-baking-paper/,308,false,true
/es/products/greaseproof-paper/,/products/greaseproof-paper/,308,false,true
/es/products/burger-wrapping-paper/,/products/burger-wrapping-paper/,308,false,true
/es/products/wax-paper/,/products/wax-paper/,308,false,true
/es/products/butcher-paper/,/products/butcher-paper/,308,false,true
/es/products/paper-straws/,/products/paper-straws/,308,false,true
/es/products/party-accessories/,/products/party-accessories/,308,false,true
/es/applications/,/applications/,308,false,true
/es/cases/,/cases/,308,false,true
/es/customization/,/customization/,308,false,true
/es/factory-certificates/,/factory-certificates/,308,false,true
/es/eudr-traceability/,/eudr-traceability/,308,false,true
/es/pfas-free-baking-paper/,/pfas-free-baking-paper/,308,false,true
/es/markets/,/markets/,308,false,true
/es/markets/united-states/,/markets/united-states/,308,false,true
/es/markets/europe/,/markets/europe/,308,false,true
/es/about/,/about/,308,false,true
/es/inquiry/,/inquiry/,308,false,true
/es/news/,/news/,308,false,true
/es/resources/,/resources/,308,false,true
/es/resources/how-to-choose-custom-cupcake-liners-wholesale/,/resources/how-to-choose-custom-cupcake-liners-wholesale/,308,false,true
/es/resources/greaseproof-paper-vs-pet-coated-paper-baking-cups/,/resources/greaseproof-paper-vs-pet-coated-paper-baking-cups/,308,false,true
/es/resources/air-fryer-paper-liners-bulk-buying-guide/,/resources/air-fryer-paper-liners-bulk-buying-guide/,308,false,true
/es/resources/pfas-free-greaseproof-paper-food-packaging-buyers/,/resources/pfas-free-greaseproof-paper-food-packaging-buyers/,308,false,true
/es/resources/paper-straws-wholesale-foodservice-retail-buyers/,/resources/paper-straws-wholesale-foodservice-retail-buyers/,308,false,true
/es/resources/custom-printed-food-paper-packaging-low-odor-ink/,/resources/custom-printed-food-paper-packaging-low-odor-ink/,308,false,true
/es/resources/eudr-paper-baking-cups-traceability-checklist/,/resources/eudr-paper-baking-cups-traceability-checklist/,308,false,true
/es/resources/baking-paper-products-quality-control-inspection/,/resources/baking-paper-products-quality-control-inspection/,308,false,true
/es/resources/cupcake-liner-size-guide-wholesale-buyers/,/resources/cupcake-liner-size-guide-wholesale-buyers/,308,false,true
/es/resources/air-fryer-paper-liners-wholesale-private-label/,/resources/air-fryer-paper-liners-wholesale-private-label/,308,false,true
/es/resources/baking-paper-grammage-buyer-guide/,/resources/baking-paper-grammage-buyer-guide/,308,false,true
/es/resources/baking-parchment-paper-rolls-wholesale/,/resources/baking-parchment-paper-rolls-wholesale/,308,false,true
/es/resources/bleached-vs-unbleached-baking-paper/,/resources/bleached-vs-unbleached-baking-paper/,308,false,true
/es/resources/bpa-free-paper-baking-cups/,/resources/bpa-free-paper-baking-cups/,308,false,true
/es/resources/burger-wrapping-paper-wholesale-greaseproof-guide/,/resources/burger-wrapping-paper-wholesale-greaseproof-guide/,308,false,true
/es/resources/cake-boards-wholesale-bakery-buyers/,/resources/cake-boards-wholesale-bakery-buyers/,308,false,true
/es/resources/colored-cupcake-liners-wholesale/,/resources/colored-cupcake-liners-wholesale/,308,false,true
/es/resources/compostable-cupcake-liners-wholesale/,/resources/compostable-cupcake-liners-wholesale/,308,false,true
/es/resources/cupcake-liner-retail-packaging-wholesale/,/resources/cupcake-liner-retail-packaging-wholesale/,308,false,true
/es/resources/cupcake-toppers-wholesale-buyer-guide/,/resources/cupcake-toppers-wholesale-buyer-guide/,308,false,true
/es/resources/custom-cupcake-liner-artwork-checklist/,/resources/custom-cupcake-liner-artwork-checklist/,308,false,true
/es/resources/food-contact-testing-paper-baking-cups/,/resources/food-contact-testing-paper-baking-cups/,308,false,true
/es/resources/food-grade-wax-paper-wholesale-buyer-guide/,/resources/food-grade-wax-paper-wholesale-buyer-guide/,308,false,true
/es/resources/freezer-safe-paper-baking-cups-wholesale/,/resources/freezer-safe-paper-baking-cups-wholesale/,308,false,true
/es/resources/glassine-cupcake-liners-wholesale-buyer-guide/,/resources/glassine-cupcake-liners-wholesale-buyer-guide/,308,false,true
/es/resources/greaseproof-paper-sheets-wholesale-buyer-guide/,/resources/greaseproof-paper-sheets-wholesale-buyer-guide/,308,false,true
/es/resources/mini-cupcake-liners-wholesale-buyer-guide/,/resources/mini-cupcake-liners-wholesale-buyer-guide/,308,false,true
/es/resources/muffin-baking-cups-commercial-bakery-guide/,/resources/muffin-baking-cups-commercial-bakery-guide/,308,false,true
/es/resources/non-stick-cupcake-liners-wholesale/,/resources/non-stick-cupcake-liners-wholesale/,308,false,true
/es/resources/oven-safe-cupcake-liners-wholesale/,/resources/oven-safe-cupcake-liners-wholesale/,308,false,true
/es/resources/paper-baking-cup-manufacturer-audit/,/resources/paper-baking-cup-manufacturer-audit/,308,false,true
/es/resources/paper-baking-cup-packaging-specification/,/resources/paper-baking-cup-packaging-specification/,308,false,true
/es/resources/paper-baking-cup-samples-approval-checklist/,/resources/paper-baking-cup-samples-approval-checklist/,308,false,true
/es/resources/paper-baking-cups-automated-bakery-lines/,/resources/paper-baking-cups-automated-bakery-lines/,308,false,true
/es/resources/paper-cake-doilies-wholesale-buyer-guide/,/resources/paper-cake-doilies-wholesale-buyer-guide/,308,false,true
/es/resources/paper-straw-sizes-wholesale-guide/,/resources/paper-straw-sizes-wholesale-guide/,308,false,true
/es/resources/party-paper-supplies-wholesale-retail-range/,/resources/party-paper-supplies-wholesale-retail-range/,308,false,true
/es/resources/ppwr-paper-baking-cups-buyer-checklist/,/resources/ppwr-paper-baking-cups-buyer-checklist/,308,false,true
/es/resources/precut-parchment-paper-sheets-wholesale-buyer-guide/,/resources/precut-parchment-paper-sheets-wholesale-buyer-guide/,308,false,true
/es/resources/private-label-cupcake-liners-retail-packaging/,/resources/private-label-cupcake-liners-retail-packaging/,308,false,true
/es/resources/private-label-paper-straws-wholesale/,/resources/private-label-paper-straws-wholesale/,308,false,true
/es/resources/roll-mouth-cake-cups-wholesale/,/resources/roll-mouth-cake-cups-wholesale/,308,false,true
/es/resources/sandwich-wrapping-paper-wholesale-deli-bakery-buyers/,/resources/sandwich-wrapping-paper-wholesale-deli-bakery-buyers/,308,false,true
/es/resources/self-supporting-baking-cups-wholesale-guide/,/resources/self-supporting-baking-cups-wholesale-guide/,308,false,true
/es/resources/silicone-coated-baking-paper-buyer-guide/,/resources/silicone-coated-baking-paper-buyer-guide/,308,false,true
/es/resources/steamer-paper-liners-wholesale-buyer-guide/,/resources/steamer-paper-liners-wholesale-buyer-guide/,308,false,true
/es/resources/tulip-baking-cups-vs-standard-muffin-liners/,/resources/tulip-baking-cups-vs-standard-muffin-liners/,308,false,true
/es/resources/choose-custom-cupcake-liners/,/resources/choose-custom-cupcake-liners/,308,false,true
/es/resources/greaseproof-vs-pet-coated-paper/,/resources/greaseproof-vs-pet-coated-paper/,308,false,true
/es/resources/food-paper-certificates/,/resources/food-paper-certificates/,308,false,true
/es/resources/custom-printed-cake-cups-process/,/resources/custom-printed-cake-cups-process/,308,false,true
/es/resources/baking-cups-for-bakeries-cafes-events/,/resources/baking-cups-for-bakeries-cafes-events/,308,false,true
/es/landing/custom-cake-cups-wholesale/,/landing/custom-cake-cups-wholesale/,308,false,true
/es/landing/air-fryer-paper-liners-bulk/,/landing/air-fryer-paper-liners-bulk/,308,false,true
/es/landing/custom-cupcake-liners-manufacturer/,/landing/custom-cupcake-liners-manufacturer/,308,false,true
/ru/products/,/products/,308,false,true
/ru/products/food-wrapping-paper/,/products/food-wrapping-paper/,308,false,true
/ru/products/cake-cups/,/products/cake-cups/,308,false,true
/ru/products/roll-mouth-cake-cups/,/products/roll-mouth-cake-cups/,308,false,true
/ru/products/muffin-baking-cups/,/products/muffin-baking-cups/,308,false,true
/ru/products/air-fryer-paper-liners/,/products/air-fryer-paper-liners/,308,false,true
/ru/products/baking-parchment-paper/,/products/baking-parchment-paper/,308,false,true
/ru/products/tulip-muffin-cups/,/products/tulip-muffin-cups/,308,false,true
/ru/products/custom-printed-baking-paper/,/products/custom-printed-baking-paper/,308,false,true
/ru/products/greaseproof-paper/,/products/greaseproof-paper/,308,false,true
/ru/products/burger-wrapping-paper/,/products/burger-wrapping-paper/,308,false,true
/ru/products/wax-paper/,/products/wax-paper/,308,false,true
/ru/products/butcher-paper/,/products/butcher-paper/,308,false,true
/ru/products/paper-straws/,/products/paper-straws/,308,false,true
/ru/products/party-accessories/,/products/party-accessories/,308,false,true
/ru/applications/,/applications/,308,false,true
/ru/cases/,/cases/,308,false,true
/ru/customization/,/customization/,308,false,true
/ru/factory-certificates/,/factory-certificates/,308,false,true
/ru/eudr-traceability/,/eudr-traceability/,308,false,true
/ru/pfas-free-baking-paper/,/pfas-free-baking-paper/,308,false,true
/ru/markets/,/markets/,308,false,true
/ru/markets/united-states/,/markets/united-states/,308,false,true
/ru/markets/europe/,/markets/europe/,308,false,true
/ru/about/,/about/,308,false,true
/ru/inquiry/,/inquiry/,308,false,true
/ru/news/,/news/,308,false,true
/ru/resources/,/resources/,308,false,true
/ru/resources/how-to-choose-custom-cupcake-liners-wholesale/,/resources/how-to-choose-custom-cupcake-liners-wholesale/,308,false,true
/ru/resources/greaseproof-paper-vs-pet-coated-paper-baking-cups/,/resources/greaseproof-paper-vs-pet-coated-paper-baking-cups/,308,false,true
/ru/resources/air-fryer-paper-liners-bulk-buying-guide/,/resources/air-fryer-paper-liners-bulk-buying-guide/,308,false,true
/ru/resources/pfas-free-greaseproof-paper-food-packaging-buyers/,/resources/pfas-free-greaseproof-paper-food-packaging-buyers/,308,false,true
/ru/resources/paper-straws-wholesale-foodservice-retail-buyers/,/resources/paper-straws-wholesale-foodservice-retail-buyers/,308,false,true
/ru/resources/custom-printed-food-paper-packaging-low-odor-ink/,/resources/custom-printed-food-paper-packaging-low-odor-ink/,308,false,true
/ru/resources/eudr-paper-baking-cups-traceability-checklist/,/resources/eudr-paper-baking-cups-traceability-checklist/,308,false,true
/ru/resources/baking-paper-products-quality-control-inspection/,/resources/baking-paper-products-quality-control-inspection/,308,false,true
/ru/resources/cupcake-liner-size-guide-wholesale-buyers/,/resources/cupcake-liner-size-guide-wholesale-buyers/,308,false,true
/ru/resources/air-fryer-paper-liners-wholesale-private-label/,/resources/air-fryer-paper-liners-wholesale-private-label/,308,false,true
/ru/resources/baking-paper-grammage-buyer-guide/,/resources/baking-paper-grammage-buyer-guide/,308,false,true
/ru/resources/baking-parchment-paper-rolls-wholesale/,/resources/baking-parchment-paper-rolls-wholesale/,308,false,true
/ru/resources/bleached-vs-unbleached-baking-paper/,/resources/bleached-vs-unbleached-baking-paper/,308,false,true
/ru/resources/bpa-free-paper-baking-cups/,/resources/bpa-free-paper-baking-cups/,308,false,true
/ru/resources/burger-wrapping-paper-wholesale-greaseproof-guide/,/resources/burger-wrapping-paper-wholesale-greaseproof-guide/,308,false,true
/ru/resources/cake-boards-wholesale-bakery-buyers/,/resources/cake-boards-wholesale-bakery-buyers/,308,false,true
/ru/resources/colored-cupcake-liners-wholesale/,/resources/colored-cupcake-liners-wholesale/,308,false,true
/ru/resources/compostable-cupcake-liners-wholesale/,/resources/compostable-cupcake-liners-wholesale/,308,false,true
/ru/resources/cupcake-liner-retail-packaging-wholesale/,/resources/cupcake-liner-retail-packaging-wholesale/,308,false,true
/ru/resources/cupcake-toppers-wholesale-buyer-guide/,/resources/cupcake-toppers-wholesale-buyer-guide/,308,false,true
/ru/resources/custom-cupcake-liner-artwork-checklist/,/resources/custom-cupcake-liner-artwork-checklist/,308,false,true
/ru/resources/food-contact-testing-paper-baking-cups/,/resources/food-contact-testing-paper-baking-cups/,308,false,true
/ru/resources/food-grade-wax-paper-wholesale-buyer-guide/,/resources/food-grade-wax-paper-wholesale-buyer-guide/,308,false,true
/ru/resources/freezer-safe-paper-baking-cups-wholesale/,/resources/freezer-safe-paper-baking-cups-wholesale/,308,false,true
/ru/resources/glassine-cupcake-liners-wholesale-buyer-guide/,/resources/glassine-cupcake-liners-wholesale-buyer-guide/,308,false,true
/ru/resources/greaseproof-paper-sheets-wholesale-buyer-guide/,/resources/greaseproof-paper-sheets-wholesale-buyer-guide/,308,false,true
/ru/resources/mini-cupcake-liners-wholesale-buyer-guide/,/resources/mini-cupcake-liners-wholesale-buyer-guide/,308,false,true
/ru/resources/muffin-baking-cups-commercial-bakery-guide/,/resources/muffin-baking-cups-commercial-bakery-guide/,308,false,true
/ru/resources/non-stick-cupcake-liners-wholesale/,/resources/non-stick-cupcake-liners-wholesale/,308,false,true
/ru/resources/oven-safe-cupcake-liners-wholesale/,/resources/oven-safe-cupcake-liners-wholesale/,308,false,true
/ru/resources/paper-baking-cup-manufacturer-audit/,/resources/paper-baking-cup-manufacturer-audit/,308,false,true
/ru/resources/paper-baking-cup-packaging-specification/,/resources/paper-baking-cup-packaging-specification/,308,false,true
/ru/resources/paper-baking-cup-samples-approval-checklist/,/resources/paper-baking-cup-samples-approval-checklist/,308,false,true
/ru/resources/paper-baking-cups-automated-bakery-lines/,/resources/paper-baking-cups-automated-bakery-lines/,308,false,true
/ru/resources/paper-cake-doilies-wholesale-buyer-guide/,/resources/paper-cake-doilies-wholesale-buyer-guide/,308,false,true
/ru/resources/paper-straw-sizes-wholesale-guide/,/resources/paper-straw-sizes-wholesale-guide/,308,false,true
/ru/resources/party-paper-supplies-wholesale-retail-range/,/resources/party-paper-supplies-wholesale-retail-range/,308,false,true
/ru/resources/ppwr-paper-baking-cups-buyer-checklist/,/resources/ppwr-paper-baking-cups-buyer-checklist/,308,false,true
/ru/resources/precut-parchment-paper-sheets-wholesale-buyer-guide/,/resources/precut-parchment-paper-sheets-wholesale-buyer-guide/,308,false,true
/ru/resources/private-label-cupcake-liners-retail-packaging/,/resources/private-label-cupcake-liners-retail-packaging/,308,false,true
/ru/resources/private-label-paper-straws-wholesale/,/resources/private-label-paper-straws-wholesale/,308,false,true
/ru/resources/roll-mouth-cake-cups-wholesale/,/resources/roll-mouth-cake-cups-wholesale/,308,false,true
/ru/resources/sandwich-wrapping-paper-wholesale-deli-bakery-buyers/,/resources/sandwich-wrapping-paper-wholesale-deli-bakery-buyers/,308,false,true
/ru/resources/self-supporting-baking-cups-wholesale-guide/,/resources/self-supporting-baking-cups-wholesale-guide/,308,false,true
/ru/resources/silicone-coated-baking-paper-buyer-guide/,/resources/silicone-coated-baking-paper-buyer-guide/,308,false,true
/ru/resources/steamer-paper-liners-wholesale-buyer-guide/,/resources/steamer-paper-liners-wholesale-buyer-guide/,308,false,true
/ru/resources/tulip-baking-cups-vs-standard-muffin-liners/,/resources/tulip-baking-cups-vs-standard-muffin-liners/,308,false,true
/ru/resources/choose-custom-cupcake-liners/,/resources/choose-custom-cupcake-liners/,308,false,true
/ru/resources/greaseproof-vs-pet-coated-paper/,/resources/greaseproof-vs-pet-coated-paper/,308,false,true
/ru/resources/food-paper-certificates/,/resources/food-paper-certificates/,308,false,true
/ru/resources/custom-printed-cake-cups-process/,/resources/custom-printed-cake-cups-process/,308,false,true
/ru/resources/baking-cups-for-bakeries-cafes-events/,/resources/baking-cups-for-bakeries-cafes-events/,308,false,true
/ru/landing/custom-cake-cups-wholesale/,/landing/custom-cake-cups-wholesale/,308,false,true
/ru/landing/air-fryer-paper-liners-bulk/,/landing/air-fryer-paper-liners-bulk/,308,false,true
/ru/landing/custom-cupcake-liners-manufacturer/,/landing/custom-cupcake-liners-manufacturer/,308,false,true
/ar/products/,/products/,308,false,true
/ar/products/food-wrapping-paper/,/products/food-wrapping-paper/,308,false,true
/ar/products/cake-cups/,/products/cake-cups/,308,false,true
/ar/products/roll-mouth-cake-cups/,/products/roll-mouth-cake-cups/,308,false,true
/ar/products/muffin-baking-cups/,/products/muffin-baking-cups/,308,false,true
/ar/products/air-fryer-paper-liners/,/products/air-fryer-paper-liners/,308,false,true
/ar/products/baking-parchment-paper/,/products/baking-parchment-paper/,308,false,true
/ar/products/tulip-muffin-cups/,/products/tulip-muffin-cups/,308,false,true
/ar/products/custom-printed-baking-paper/,/products/custom-printed-baking-paper/,308,false,true
/ar/products/greaseproof-paper/,/products/greaseproof-paper/,308,false,true
/ar/products/burger-wrapping-paper/,/products/burger-wrapping-paper/,308,false,true
/ar/products/wax-paper/,/products/wax-paper/,308,false,true
/ar/products/butcher-paper/,/products/butcher-paper/,308,false,true
/ar/products/paper-straws/,/products/paper-straws/,308,false,true
/ar/products/party-accessories/,/products/party-accessories/,308,false,true
/ar/applications/,/applications/,308,false,true
/ar/cases/,/cases/,308,false,true
/ar/customization/,/customization/,308,false,true
/ar/factory-certificates/,/factory-certificates/,308,false,true
/ar/eudr-traceability/,/eudr-traceability/,308,false,true
/ar/pfas-free-baking-paper/,/pfas-free-baking-paper/,308,false,true
/ar/markets/,/markets/,308,false,true
/ar/markets/united-states/,/markets/united-states/,308,false,true
/ar/markets/europe/,/markets/europe/,308,false,true
/ar/about/,/about/,308,false,true
/ar/inquiry/,/inquiry/,308,false,true
/ar/news/,/news/,308,false,true
/ar/resources/,/resources/,308,false,true
/ar/resources/how-to-choose-custom-cupcake-liners-wholesale/,/resources/how-to-choose-custom-cupcake-liners-wholesale/,308,false,true
/ar/resources/greaseproof-paper-vs-pet-coated-paper-baking-cups/,/resources/greaseproof-paper-vs-pet-coated-paper-baking-cups/,308,false,true
/ar/resources/air-fryer-paper-liners-bulk-buying-guide/,/resources/air-fryer-paper-liners-bulk-buying-guide/,308,false,true
/ar/resources/pfas-free-greaseproof-paper-food-packaging-buyers/,/resources/pfas-free-greaseproof-paper-food-packaging-buyers/,308,false,true
/ar/resources/paper-straws-wholesale-foodservice-retail-buyers/,/resources/paper-straws-wholesale-foodservice-retail-buyers/,308,false,true
/ar/resources/custom-printed-food-paper-packaging-low-odor-ink/,/resources/custom-printed-food-paper-packaging-low-odor-ink/,308,false,true
/ar/resources/eudr-paper-baking-cups-traceability-checklist/,/resources/eudr-paper-baking-cups-traceability-checklist/,308,false,true
/ar/resources/baking-paper-products-quality-control-inspection/,/resources/baking-paper-products-quality-control-inspection/,308,false,true
/ar/resources/cupcake-liner-size-guide-wholesale-buyers/,/resources/cupcake-liner-size-guide-wholesale-buyers/,308,false,true
/ar/resources/air-fryer-paper-liners-wholesale-private-label/,/resources/air-fryer-paper-liners-wholesale-private-label/,308,false,true
/ar/resources/baking-paper-grammage-buyer-guide/,/resources/baking-paper-grammage-buyer-guide/,308,false,true
/ar/resources/baking-parchment-paper-rolls-wholesale/,/resources/baking-parchment-paper-rolls-wholesale/,308,false,true
/ar/resources/bleached-vs-unbleached-baking-paper/,/resources/bleached-vs-unbleached-baking-paper/,308,false,true
/ar/resources/bpa-free-paper-baking-cups/,/resources/bpa-free-paper-baking-cups/,308,false,true
/ar/resources/burger-wrapping-paper-wholesale-greaseproof-guide/,/resources/burger-wrapping-paper-wholesale-greaseproof-guide/,308,false,true
/ar/resources/cake-boards-wholesale-bakery-buyers/,/resources/cake-boards-wholesale-bakery-buyers/,308,false,true
/ar/resources/colored-cupcake-liners-wholesale/,/resources/colored-cupcake-liners-wholesale/,308,false,true
/ar/resources/compostable-cupcake-liners-wholesale/,/resources/compostable-cupcake-liners-wholesale/,308,false,true
/ar/resources/cupcake-liner-retail-packaging-wholesale/,/resources/cupcake-liner-retail-packaging-wholesale/,308,false,true
/ar/resources/cupcake-toppers-wholesale-buyer-guide/,/resources/cupcake-toppers-wholesale-buyer-guide/,308,false,true
/ar/resources/custom-cupcake-liner-artwork-checklist/,/resources/custom-cupcake-liner-artwork-checklist/,308,false,true
/ar/resources/food-contact-testing-paper-baking-cups/,/resources/food-contact-testing-paper-baking-cups/,308,false,true
/ar/resources/food-grade-wax-paper-wholesale-buyer-guide/,/resources/food-grade-wax-paper-wholesale-buyer-guide/,308,false,true
/ar/resources/freezer-safe-paper-baking-cups-wholesale/,/resources/freezer-safe-paper-baking-cups-wholesale/,308,false,true
/ar/resources/glassine-cupcake-liners-wholesale-buyer-guide/,/resources/glassine-cupcake-liners-wholesale-buyer-guide/,308,false,true
/ar/resources/greaseproof-paper-sheets-wholesale-buyer-guide/,/resources/greaseproof-paper-sheets-wholesale-buyer-guide/,308,false,true
/ar/resources/mini-cupcake-liners-wholesale-buyer-guide/,/resources/mini-cupcake-liners-wholesale-buyer-guide/,308,false,true
/ar/resources/muffin-baking-cups-commercial-bakery-guide/,/resources/muffin-baking-cups-commercial-bakery-guide/,308,false,true
/ar/resources/non-stick-cupcake-liners-wholesale/,/resources/non-stick-cupcake-liners-wholesale/,308,false,true
/ar/resources/oven-safe-cupcake-liners-wholesale/,/resources/oven-safe-cupcake-liners-wholesale/,308,false,true
/ar/resources/paper-baking-cup-manufacturer-audit/,/resources/paper-baking-cup-manufacturer-audit/,308,false,true
/ar/resources/paper-baking-cup-packaging-specification/,/resources/paper-baking-cup-packaging-specification/,308,false,true
/ar/resources/paper-baking-cup-samples-approval-checklist/,/resources/paper-baking-cup-samples-approval-checklist/,308,false,true
/ar/resources/paper-baking-cups-automated-bakery-lines/,/resources/paper-baking-cups-automated-bakery-lines/,308,false,true
/ar/resources/paper-cake-doilies-wholesale-buyer-guide/,/resources/paper-cake-doilies-wholesale-buyer-guide/,308,false,true
/ar/resources/paper-straw-sizes-wholesale-guide/,/resources/paper-straw-sizes-wholesale-guide/,308,false,true
/ar/resources/party-paper-supplies-wholesale-retail-range/,/resources/party-paper-supplies-wholesale-retail-range/,308,false,true
/ar/resources/ppwr-paper-baking-cups-buyer-checklist/,/resources/ppwr-paper-baking-cups-buyer-checklist/,308,false,true
/ar/resources/precut-parchment-paper-sheets-wholesale-buyer-guide/,/resources/precut-parchment-paper-sheets-wholesale-buyer-guide/,308,false,true
/ar/resources/private-label-cupcake-liners-retail-packaging/,/resources/private-label-cupcake-liners-retail-packaging/,308,false,true
/ar/resources/private-label-paper-straws-wholesale/,/resources/private-label-paper-straws-wholesale/,308,false,true
/ar/resources/roll-mouth-cake-cups-wholesale/,/resources/roll-mouth-cake-cups-wholesale/,308,false,true
/ar/resources/sandwich-wrapping-paper-wholesale-deli-bakery-buyers/,/resources/sandwich-wrapping-paper-wholesale-deli-bakery-buyers/,308,false,true
/ar/resources/self-supporting-baking-cups-wholesale-guide/,/resources/self-supporting-baking-cups-wholesale-guide/,308,false,true
/ar/resources/silicone-coated-baking-paper-buyer-guide/,/resources/silicone-coated-baking-paper-buyer-guide/,308,false,true
/ar/resources/steamer-paper-liners-wholesale-buyer-guide/,/resources/steamer-paper-liners-wholesale-buyer-guide/,308,false,true
/ar/resources/tulip-baking-cups-vs-standard-muffin-liners/,/resources/tulip-baking-cups-vs-standard-muffin-liners/,308,false,true
/ar/resources/choose-custom-cupcake-liners/,/resources/choose-custom-cupcake-liners/,308,false,true
/ar/resources/greaseproof-vs-pet-coated-paper/,/resources/greaseproof-vs-pet-coated-paper/,308,false,true
/ar/resources/food-paper-certificates/,/resources/food-paper-certificates/,308,false,true
/ar/resources/custom-printed-cake-cups-process/,/resources/custom-printed-cake-cups-process/,308,false,true
/ar/resources/baking-cups-for-bakeries-cafes-events/,/resources/baking-cups-for-bakeries-cafes-events/,308,false,true
/ar/landing/custom-cake-cups-wholesale/,/landing/custom-cake-cups-wholesale/,308,false,true
/ar/landing/air-fryer-paper-liners-bulk/,/landing/air-fryer-paper-liners-bulk/,308,false,true
/ar/landing/custom-cupcake-liners-manufacturer/,/landing/custom-cupcake-liners-manufacturer/,308,false,true
/pt/products/,/products/,308,false,true
/pt/products/food-wrapping-paper/,/products/food-wrapping-paper/,308,false,true
/pt/products/cake-cups/,/products/cake-cups/,308,false,true
/pt/products/roll-mouth-cake-cups/,/products/roll-mouth-cake-cups/,308,false,true
/pt/products/muffin-baking-cups/,/products/muffin-baking-cups/,308,false,true
/pt/products/air-fryer-paper-liners/,/products/air-fryer-paper-liners/,308,false,true
/pt/products/baking-parchment-paper/,/products/baking-parchment-paper/,308,false,true
/pt/products/tulip-muffin-cups/,/products/tulip-muffin-cups/,308,false,true
/pt/products/custom-printed-baking-paper/,/products/custom-printed-baking-paper/,308,false,true
/pt/products/greaseproof-paper/,/products/greaseproof-paper/,308,false,true
/pt/products/burger-wrapping-paper/,/products/burger-wrapping-paper/,308,false,true
/pt/products/wax-paper/,/products/wax-paper/,308,false,true
/pt/products/butcher-paper/,/products/butcher-paper/,308,false,true
/pt/products/paper-straws/,/products/paper-straws/,308,false,true
/pt/products/party-accessories/,/products/party-accessories/,308,false,true
/pt/applications/,/applications/,308,false,true
/pt/cases/,/cases/,308,false,true
/pt/customization/,/customization/,308,false,true
/pt/factory-certificates/,/factory-certificates/,308,false,true
/pt/eudr-traceability/,/eudr-traceability/,308,false,true
/pt/pfas-free-baking-paper/,/pfas-free-baking-paper/,308,false,true
/pt/markets/,/markets/,308,false,true
/pt/markets/united-states/,/markets/united-states/,308,false,true
/pt/markets/europe/,/markets/europe/,308,false,true
/pt/about/,/about/,308,false,true
/pt/inquiry/,/inquiry/,308,false,true
/pt/news/,/news/,308,false,true
/pt/resources/,/resources/,308,false,true
/pt/resources/how-to-choose-custom-cupcake-liners-wholesale/,/resources/how-to-choose-custom-cupcake-liners-wholesale/,308,false,true
/pt/resources/greaseproof-paper-vs-pet-coated-paper-baking-cups/,/resources/greaseproof-paper-vs-pet-coated-paper-baking-cups/,308,false,true
/pt/resources/air-fryer-paper-liners-bulk-buying-guide/,/resources/air-fryer-paper-liners-bulk-buying-guide/,308,false,true
/pt/resources/pfas-free-greaseproof-paper-food-packaging-buyers/,/resources/pfas-free-greaseproof-paper-food-packaging-buyers/,308,false,true
/pt/resources/paper-straws-wholesale-foodservice-retail-buyers/,/resources/paper-straws-wholesale-foodservice-retail-buyers/,308,false,true
/pt/resources/custom-printed-food-paper-packaging-low-odor-ink/,/resources/custom-printed-food-paper-packaging-low-odor-ink/,308,false,true
/pt/resources/eudr-paper-baking-cups-traceability-checklist/,/resources/eudr-paper-baking-cups-traceability-checklist/,308,false,true
/pt/resources/baking-paper-products-quality-control-inspection/,/resources/baking-paper-products-quality-control-inspection/,308,false,true
/pt/resources/cupcake-liner-size-guide-wholesale-buyers/,/resources/cupcake-liner-size-guide-wholesale-buyers/,308,false,true
/pt/resources/air-fryer-paper-liners-wholesale-private-label/,/resources/air-fryer-paper-liners-wholesale-private-label/,308,false,true
/pt/resources/baking-paper-grammage-buyer-guide/,/resources/baking-paper-grammage-buyer-guide/,308,false,true
/pt/resources/baking-parchment-paper-rolls-wholesale/,/resources/baking-parchment-paper-rolls-wholesale/,308,false,true
/pt/resources/bleached-vs-unbleached-baking-paper/,/resources/bleached-vs-unbleached-baking-paper/,308,false,true
/pt/resources/bpa-free-paper-baking-cups/,/resources/bpa-free-paper-baking-cups/,308,false,true
/pt/resources/burger-wrapping-paper-wholesale-greaseproof-guide/,/resources/burger-wrapping-paper-wholesale-greaseproof-guide/,308,false,true
/pt/resources/cake-boards-wholesale-bakery-buyers/,/resources/cake-boards-wholesale-bakery-buyers/,308,false,true
/pt/resources/colored-cupcake-liners-wholesale/,/resources/colored-cupcake-liners-wholesale/,308,false,true
/pt/resources/compostable-cupcake-liners-wholesale/,/resources/compostable-cupcake-liners-wholesale/,308,false,true
/pt/resources/cupcake-liner-retail-packaging-wholesale/,/resources/cupcake-liner-retail-packaging-wholesale/,308,false,true
/pt/resources/cupcake-toppers-wholesale-buyer-guide/,/resources/cupcake-toppers-wholesale-buyer-guide/,308,false,true
/pt/resources/custom-cupcake-liner-artwork-checklist/,/resources/custom-cupcake-liner-artwork-checklist/,308,false,true
/pt/resources/food-contact-testing-paper-baking-cups/,/resources/food-contact-testing-paper-baking-cups/,308,false,true
/pt/resources/food-grade-wax-paper-wholesale-buyer-guide/,/resources/food-grade-wax-paper-wholesale-buyer-guide/,308,false,true
/pt/resources/freezer-safe-paper-baking-cups-wholesale/,/resources/freezer-safe-paper-baking-cups-wholesale/,308,false,true
/pt/resources/glassine-cupcake-liners-wholesale-buyer-guide/,/resources/glassine-cupcake-liners-wholesale-buyer-guide/,308,false,true
/pt/resources/greaseproof-paper-sheets-wholesale-buyer-guide/,/resources/greaseproof-paper-sheets-wholesale-buyer-guide/,308,false,true
/pt/resources/mini-cupcake-liners-wholesale-buyer-guide/,/resources/mini-cupcake-liners-wholesale-buyer-guide/,308,false,true
/pt/resources/muffin-baking-cups-commercial-bakery-guide/,/resources/muffin-baking-cups-commercial-bakery-guide/,308,false,true
/pt/resources/non-stick-cupcake-liners-wholesale/,/resources/non-stick-cupcake-liners-wholesale/,308,false,true
/pt/resources/oven-safe-cupcake-liners-wholesale/,/resources/oven-safe-cupcake-liners-wholesale/,308,false,true
/pt/resources/paper-baking-cup-manufacturer-audit/,/resources/paper-baking-cup-manufacturer-audit/,308,false,true
/pt/resources/paper-baking-cup-packaging-specification/,/resources/paper-baking-cup-packaging-specification/,308,false,true
/pt/resources/paper-baking-cup-samples-approval-checklist/,/resources/paper-baking-cup-samples-approval-checklist/,308,false,true
/pt/resources/paper-baking-cups-automated-bakery-lines/,/resources/paper-baking-cups-automated-bakery-lines/,308,false,true
/pt/resources/paper-cake-doilies-wholesale-buyer-guide/,/resources/paper-cake-doilies-wholesale-buyer-guide/,308,false,true
/pt/resources/paper-straw-sizes-wholesale-guide/,/resources/paper-straw-sizes-wholesale-guide/,308,false,true
/pt/resources/party-paper-supplies-wholesale-retail-range/,/resources/party-paper-supplies-wholesale-retail-range/,308,false,true
/pt/resources/ppwr-paper-baking-cups-buyer-checklist/,/resources/ppwr-paper-baking-cups-buyer-checklist/,308,false,true
/pt/resources/precut-parchment-paper-sheets-wholesale-buyer-guide/,/resources/precut-parchment-paper-sheets-wholesale-buyer-guide/,308,false,true
/pt/resources/private-label-cupcake-liners-retail-packaging/,/resources/private-label-cupcake-liners-retail-packaging/,308,false,true
/pt/resources/private-label-paper-straws-wholesale/,/resources/private-label-paper-straws-wholesale/,308,false,true
/pt/resources/roll-mouth-cake-cups-wholesale/,/resources/roll-mouth-cake-cups-wholesale/,308,false,true
/pt/resources/sandwich-wrapping-paper-wholesale-deli-bakery-buyers/,/resources/sandwich-wrapping-paper-wholesale-deli-bakery-buyers/,308,false,true
/pt/resources/self-supporting-baking-cups-wholesale-guide/,/resources/self-supporting-baking-cups-wholesale-guide/,308,false,true
/pt/resources/silicone-coated-baking-paper-buyer-guide/,/resources/silicone-coated-baking-paper-buyer-guide/,308,false,true
/pt/resources/steamer-paper-liners-wholesale-buyer-guide/,/resources/steamer-paper-liners-wholesale-buyer-guide/,308,false,true
/pt/resources/tulip-baking-cups-vs-standard-muffin-liners/,/resources/tulip-baking-cups-vs-standard-muffin-liners/,308,false,true
/pt/resources/choose-custom-cupcake-liners/,/resources/choose-custom-cupcake-liners/,308,false,true
/pt/resources/greaseproof-vs-pet-coated-paper/,/resources/greaseproof-vs-pet-coated-paper/,308,false,true
/pt/resources/food-paper-certificates/,/resources/food-paper-certificates/,308,false,true
/pt/resources/custom-printed-cake-cups-process/,/resources/custom-printed-cake-cups-process/,308,false,true
/pt/resources/baking-cups-for-bakeries-cafes-events/,/resources/baking-cups-for-bakeries-cafes-events/,308,false,true
/pt/landing/custom-cake-cups-wholesale/,/landing/custom-cake-cups-wholesale/,308,false,true
/pt/landing/air-fryer-paper-liners-bulk/,/landing/air-fryer-paper-liners-bulk/,308,false,true
/pt/landing/custom-cupcake-liners-manufacturer/,/landing/custom-cupcake-liners-manufacturer/,308,false,true
/de/products/,/products/,308,false,true
/de/products/food-wrapping-paper/,/products/food-wrapping-paper/,308,false,true
/de/products/roll-mouth-cake-cups/,/products/roll-mouth-cake-cups/,308,false,true
/de/products/tulip-muffin-cups/,/products/tulip-muffin-cups/,308,false,true
/de/products/custom-printed-baking-paper/,/products/custom-printed-baking-paper/,308,false,true
/de/products/burger-wrapping-paper/,/products/burger-wrapping-paper/,308,false,true
/de/products/wax-paper/,/products/wax-paper/,308,false,true
/de/products/butcher-paper/,/products/butcher-paper/,308,false,true
/de/products/party-accessories/,/products/party-accessories/,308,false,true
/de/applications/,/applications/,308,false,true
/de/cases/,/cases/,308,false,true
/de/pfas-free-baking-paper/,/pfas-free-baking-paper/,308,false,true
/de/markets/,/markets/,308,false,true
/de/markets/united-states/,/markets/united-states/,308,false,true
/de/markets/europe/,/markets/europe/,308,false,true
/de/resources/,/resources/,308,false,true
/de/resources/how-to-choose-custom-cupcake-liners-wholesale/,/resources/how-to-choose-custom-cupcake-liners-wholesale/,308,false,true
/de/resources/greaseproof-paper-vs-pet-coated-paper-baking-cups/,/resources/greaseproof-paper-vs-pet-coated-paper-baking-cups/,308,false,true
/de/resources/air-fryer-paper-liners-bulk-buying-guide/,/resources/air-fryer-paper-liners-bulk-buying-guide/,308,false,true
/de/resources/pfas-free-greaseproof-paper-food-packaging-buyers/,/resources/pfas-free-greaseproof-paper-food-packaging-buyers/,308,false,true
/de/resources/paper-straws-wholesale-foodservice-retail-buyers/,/resources/paper-straws-wholesale-foodservice-retail-buyers/,308,false,true
/de/resources/custom-printed-food-paper-packaging-low-odor-ink/,/resources/custom-printed-food-paper-packaging-low-odor-ink/,308,false,true
/de/resources/eudr-paper-baking-cups-traceability-checklist/,/resources/eudr-paper-baking-cups-traceability-checklist/,308,false,true
/de/resources/baking-paper-products-quality-control-inspection/,/resources/baking-paper-products-quality-control-inspection/,308,false,true
/de/resources/cupcake-liner-size-guide-wholesale-buyers/,/resources/cupcake-liner-size-guide-wholesale-buyers/,308,false,true
/de/resources/air-fryer-paper-liners-wholesale-private-label/,/resources/air-fryer-paper-liners-wholesale-private-label/,308,false,true
/de/resources/baking-paper-grammage-buyer-guide/,/resources/baking-paper-grammage-buyer-guide/,308,false,true
/de/resources/baking-parchment-paper-rolls-wholesale/,/resources/baking-parchment-paper-rolls-wholesale/,308,false,true
/de/resources/bleached-vs-unbleached-baking-paper/,/resources/bleached-vs-unbleached-baking-paper/,308,false,true
/de/resources/bpa-free-paper-baking-cups/,/resources/bpa-free-paper-baking-cups/,308,false,true
/de/resources/burger-wrapping-paper-wholesale-greaseproof-guide/,/resources/burger-wrapping-paper-wholesale-greaseproof-guide/,308,false,true
/de/resources/cake-boards-wholesale-bakery-buyers/,/resources/cake-boards-wholesale-bakery-buyers/,308,false,true
/de/resources/colored-cupcake-liners-wholesale/,/resources/colored-cupcake-liners-wholesale/,308,false,true
/de/resources/compostable-cupcake-liners-wholesale/,/resources/compostable-cupcake-liners-wholesale/,308,false,true
/de/resources/cupcake-liner-retail-packaging-wholesale/,/resources/cupcake-liner-retail-packaging-wholesale/,308,false,true
/de/resources/cupcake-toppers-wholesale-buyer-guide/,/resources/cupcake-toppers-wholesale-buyer-guide/,308,false,true
/de/resources/custom-cupcake-liner-artwork-checklist/,/resources/custom-cupcake-liner-artwork-checklist/,308,false,true
/de/resources/food-contact-testing-paper-baking-cups/,/resources/food-contact-testing-paper-baking-cups/,308,false,true
/de/resources/food-grade-wax-paper-wholesale-buyer-guide/,/resources/food-grade-wax-paper-wholesale-buyer-guide/,308,false,true
/de/resources/freezer-safe-paper-baking-cups-wholesale/,/resources/freezer-safe-paper-baking-cups-wholesale/,308,false,true
/de/resources/glassine-cupcake-liners-wholesale-buyer-guide/,/resources/glassine-cupcake-liners-wholesale-buyer-guide/,308,false,true
/de/resources/greaseproof-paper-sheets-wholesale-buyer-guide/,/resources/greaseproof-paper-sheets-wholesale-buyer-guide/,308,false,true
/de/resources/mini-cupcake-liners-wholesale-buyer-guide/,/resources/mini-cupcake-liners-wholesale-buyer-guide/,308,false,true
/de/resources/muffin-baking-cups-commercial-bakery-guide/,/resources/muffin-baking-cups-commercial-bakery-guide/,308,false,true
/de/resources/non-stick-cupcake-liners-wholesale/,/resources/non-stick-cupcake-liners-wholesale/,308,false,true
/de/resources/oven-safe-cupcake-liners-wholesale/,/resources/oven-safe-cupcake-liners-wholesale/,308,false,true
/de/resources/paper-baking-cup-manufacturer-audit/,/resources/paper-baking-cup-manufacturer-audit/,308,false,true
/de/resources/paper-baking-cup-packaging-specification/,/resources/paper-baking-cup-packaging-specification/,308,false,true
/de/resources/paper-baking-cup-samples-approval-checklist/,/resources/paper-baking-cup-samples-approval-checklist/,308,false,true
/de/resources/paper-baking-cups-automated-bakery-lines/,/resources/paper-baking-cups-automated-bakery-lines/,308,false,true
/de/resources/paper-cake-doilies-wholesale-buyer-guide/,/resources/paper-cake-doilies-wholesale-buyer-guide/,308,false,true
/de/resources/paper-straw-sizes-wholesale-guide/,/resources/paper-straw-sizes-wholesale-guide/,308,false,true
/de/resources/party-paper-supplies-wholesale-retail-range/,/resources/party-paper-supplies-wholesale-retail-range/,308,false,true
/de/resources/ppwr-paper-baking-cups-buyer-checklist/,/resources/ppwr-paper-baking-cups-buyer-checklist/,308,false,true
/de/resources/precut-parchment-paper-sheets-wholesale-buyer-guide/,/resources/precut-parchment-paper-sheets-wholesale-buyer-guide/,308,false,true
/de/resources/private-label-cupcake-liners-retail-packaging/,/resources/private-label-cupcake-liners-retail-packaging/,308,false,true
/de/resources/private-label-paper-straws-wholesale/,/resources/private-label-paper-straws-wholesale/,308,false,true
/de/resources/roll-mouth-cake-cups-wholesale/,/resources/roll-mouth-cake-cups-wholesale/,308,false,true
/de/resources/sandwich-wrapping-paper-wholesale-deli-bakery-buyers/,/resources/sandwich-wrapping-paper-wholesale-deli-bakery-buyers/,308,false,true
/de/resources/self-supporting-baking-cups-wholesale-guide/,/resources/self-supporting-baking-cups-wholesale-guide/,308,false,true
/de/resources/silicone-coated-baking-paper-buyer-guide/,/resources/silicone-coated-baking-paper-buyer-guide/,308,false,true
/de/resources/steamer-paper-liners-wholesale-buyer-guide/,/resources/steamer-paper-liners-wholesale-buyer-guide/,308,false,true
/de/resources/tulip-baking-cups-vs-standard-muffin-liners/,/resources/tulip-baking-cups-vs-standard-muffin-liners/,308,false,true
/de/resources/choose-custom-cupcake-liners/,/resources/choose-custom-cupcake-liners/,308,false,true
/de/resources/greaseproof-vs-pet-coated-paper/,/resources/greaseproof-vs-pet-coated-paper/,308,false,true
/de/resources/food-paper-certificates/,/resources/food-paper-certificates/,308,false,true
/de/resources/custom-printed-cake-cups-process/,/resources/custom-printed-cake-cups-process/,308,false,true
/de/resources/baking-cups-for-bakeries-cafes-events/,/resources/baking-cups-for-bakeries-cafes-events/,308,false,true
/de/landing/custom-cake-cups-wholesale/,/landing/custom-cake-cups-wholesale/,308,false,true
/de/landing/air-fryer-paper-liners-bulk/,/landing/air-fryer-paper-liners-bulk/,308,false,true
/de/landing/custom-cupcake-liners-manufacturer/,/landing/custom-cupcake-liners-manufacturer/,308,false,true
/fr/products/,/products/,308,false,true
/fr/products/food-wrapping-paper/,/products/food-wrapping-paper/,308,false,true
/fr/products/roll-mouth-cake-cups/,/products/roll-mouth-cake-cups/,308,false,true
/fr/products/tulip-muffin-cups/,/products/tulip-muffin-cups/,308,false,true
/fr/products/custom-printed-baking-paper/,/products/custom-printed-baking-paper/,308,false,true
/fr/products/burger-wrapping-paper/,/products/burger-wrapping-paper/,308,false,true
/fr/products/wax-paper/,/products/wax-paper/,308,false,true
/fr/products/butcher-paper/,/products/butcher-paper/,308,false,true
/fr/products/party-accessories/,/products/party-accessories/,308,false,true
/fr/cases/,/cases/,308,false,true
/fr/pfas-free-baking-paper/,/pfas-free-baking-paper/,308,false,true
/fr/markets/,/markets/,308,false,true
/fr/markets/united-states/,/markets/united-states/,308,false,true
/fr/markets/europe/,/markets/europe/,308,false,true
/fr/resources/,/resources/,308,false,true
/fr/resources/how-to-choose-custom-cupcake-liners-wholesale/,/resources/how-to-choose-custom-cupcake-liners-wholesale/,308,false,true
/fr/resources/greaseproof-paper-vs-pet-coated-paper-baking-cups/,/resources/greaseproof-paper-vs-pet-coated-paper-baking-cups/,308,false,true
/fr/resources/air-fryer-paper-liners-bulk-buying-guide/,/resources/air-fryer-paper-liners-bulk-buying-guide/,308,false,true
/fr/resources/pfas-free-greaseproof-paper-food-packaging-buyers/,/resources/pfas-free-greaseproof-paper-food-packaging-buyers/,308,false,true
/fr/resources/paper-straws-wholesale-foodservice-retail-buyers/,/resources/paper-straws-wholesale-foodservice-retail-buyers/,308,false,true
/fr/resources/custom-printed-food-paper-packaging-low-odor-ink/,/resources/custom-printed-food-paper-packaging-low-odor-ink/,308,false,true
/fr/resources/eudr-paper-baking-cups-traceability-checklist/,/resources/eudr-paper-baking-cups-traceability-checklist/,308,false,true
/fr/resources/baking-paper-products-quality-control-inspection/,/resources/baking-paper-products-quality-control-inspection/,308,false,true
/fr/resources/cupcake-liner-size-guide-wholesale-buyers/,/resources/cupcake-liner-size-guide-wholesale-buyers/,308,false,true
/fr/resources/air-fryer-paper-liners-wholesale-private-label/,/resources/air-fryer-paper-liners-wholesale-private-label/,308,false,true
/fr/resources/baking-paper-grammage-buyer-guide/,/resources/baking-paper-grammage-buyer-guide/,308,false,true
/fr/resources/baking-parchment-paper-rolls-wholesale/,/resources/baking-parchment-paper-rolls-wholesale/,308,false,true
/fr/resources/bleached-vs-unbleached-baking-paper/,/resources/bleached-vs-unbleached-baking-paper/,308,false,true
/fr/resources/bpa-free-paper-baking-cups/,/resources/bpa-free-paper-baking-cups/,308,false,true
/fr/resources/burger-wrapping-paper-wholesale-greaseproof-guide/,/resources/burger-wrapping-paper-wholesale-greaseproof-guide/,308,false,true
/fr/resources/cake-boards-wholesale-bakery-buyers/,/resources/cake-boards-wholesale-bakery-buyers/,308,false,true
/fr/resources/colored-cupcake-liners-wholesale/,/resources/colored-cupcake-liners-wholesale/,308,false,true
/fr/resources/compostable-cupcake-liners-wholesale/,/resources/compostable-cupcake-liners-wholesale/,308,false,true
/fr/resources/cupcake-liner-retail-packaging-wholesale/,/resources/cupcake-liner-retail-packaging-wholesale/,308,false,true
/fr/resources/cupcake-toppers-wholesale-buyer-guide/,/resources/cupcake-toppers-wholesale-buyer-guide/,308,false,true
/fr/resources/custom-cupcake-liner-artwork-checklist/,/resources/custom-cupcake-liner-artwork-checklist/,308,false,true
/fr/resources/food-contact-testing-paper-baking-cups/,/resources/food-contact-testing-paper-baking-cups/,308,false,true
/fr/resources/food-grade-wax-paper-wholesale-buyer-guide/,/resources/food-grade-wax-paper-wholesale-buyer-guide/,308,false,true
/fr/resources/freezer-safe-paper-baking-cups-wholesale/,/resources/freezer-safe-paper-baking-cups-wholesale/,308,false,true
/fr/resources/glassine-cupcake-liners-wholesale-buyer-guide/,/resources/glassine-cupcake-liners-wholesale-buyer-guide/,308,false,true
/fr/resources/greaseproof-paper-sheets-wholesale-buyer-guide/,/resources/greaseproof-paper-sheets-wholesale-buyer-guide/,308,false,true
/fr/resources/mini-cupcake-liners-wholesale-buyer-guide/,/resources/mini-cupcake-liners-wholesale-buyer-guide/,308,false,true
/fr/resources/muffin-baking-cups-commercial-bakery-guide/,/resources/muffin-baking-cups-commercial-bakery-guide/,308,false,true
/fr/resources/non-stick-cupcake-liners-wholesale/,/resources/non-stick-cupcake-liners-wholesale/,308,false,true
/fr/resources/oven-safe-cupcake-liners-wholesale/,/resources/oven-safe-cupcake-liners-wholesale/,308,false,true
/fr/resources/paper-baking-cup-manufacturer-audit/,/resources/paper-baking-cup-manufacturer-audit/,308,false,true
/fr/resources/paper-baking-cup-packaging-specification/,/resources/paper-baking-cup-packaging-specification/,308,false,true
/fr/resources/paper-baking-cup-samples-approval-checklist/,/resources/paper-baking-cup-samples-approval-checklist/,308,false,true
/fr/resources/paper-baking-cups-automated-bakery-lines/,/resources/paper-baking-cups-automated-bakery-lines/,308,false,true
/fr/resources/paper-cake-doilies-wholesale-buyer-guide/,/resources/paper-cake-doilies-wholesale-buyer-guide/,308,false,true
/fr/resources/paper-straw-sizes-wholesale-guide/,/resources/paper-straw-sizes-wholesale-guide/,308,false,true
/fr/resources/party-paper-supplies-wholesale-retail-range/,/resources/party-paper-supplies-wholesale-retail-range/,308,false,true
/fr/resources/ppwr-paper-baking-cups-buyer-checklist/,/resources/ppwr-paper-baking-cups-buyer-checklist/,308,false,true
/fr/resources/precut-parchment-paper-sheets-wholesale-buyer-guide/,/resources/precut-parchment-paper-sheets-wholesale-buyer-guide/,308,false,true
/fr/resources/private-label-cupcake-liners-retail-packaging/,/resources/private-label-cupcake-liners-retail-packaging/,308,false,true
/fr/resources/private-label-paper-straws-wholesale/,/resources/private-label-paper-straws-wholesale/,308,false,true
/fr/resources/roll-mouth-cake-cups-wholesale/,/resources/roll-mouth-cake-cups-wholesale/,308,false,true
/fr/resources/sandwich-wrapping-paper-wholesale-deli-bakery-buyers/,/resources/sandwich-wrapping-paper-wholesale-deli-bakery-buyers/,308,false,true
/fr/resources/self-supporting-baking-cups-wholesale-guide/,/resources/self-supporting-baking-cups-wholesale-guide/,308,false,true
/fr/resources/silicone-coated-baking-paper-buyer-guide/,/resources/silicone-coated-baking-paper-buyer-guide/,308,false,true
/fr/resources/steamer-paper-liners-wholesale-buyer-guide/,/resources/steamer-paper-liners-wholesale-buyer-guide/,308,false,true
/fr/resources/tulip-baking-cups-vs-standard-muffin-liners/,/resources/tulip-baking-cups-vs-standard-muffin-liners/,308,false,true
/fr/resources/choose-custom-cupcake-liners/,/resources/choose-custom-cupcake-liners/,308,false,true
/fr/resources/greaseproof-vs-pet-coated-paper/,/resources/greaseproof-vs-pet-coated-paper/,308,false,true
/fr/resources/food-paper-certificates/,/resources/food-paper-certificates/,308,false,true
/fr/resources/custom-printed-cake-cups-process/,/resources/custom-printed-cake-cups-process/,308,false,true
/fr/resources/baking-cups-for-bakeries-cafes-events/,/resources/baking-cups-for-bakeries-cafes-events/,308,false,true
/fr/landing/custom-cake-cups-wholesale/,/landing/custom-cake-cups-wholesale/,308,false,true
/fr/landing/air-fryer-paper-liners-bulk/,/landing/air-fryer-paper-liners-bulk/,308,false,true
/fr/landing/custom-cupcake-liners-manufacturer/,/landing/custom-cupcake-liners-manufacturer/,308,false,true
